"name","website","status","email_found","source_url","all_candidates"
"Iris Memory Care of Turtle Creek","https://www.irisseniorliving.com","found","support@irisseniorliving.com","https://www.irisseniorliving.com/contact-us","support@irisseniorliving.com; sales@irisseniorliving.com"
"The Preston of the Park Cities","https://www.watermarkcommunities.com","found","media@watermarkcommunities.com","https://www.watermarkcommunities.com/contact-us","media@watermarkcommunities.com"
"Belmont Village Senior Living Turtle Creek","https://www.belmontvillage.com","found","vendor@belmontvillage.com","https://www.belmontvillage.com/contact","vendor@belmontvillage.com; lgrimes@belmontvillage.com; comm@belmontvillage.com; u003evendor@belmontvillage.com"
"The Forum at Park Lane","https://theforumatparklane.seniorlivingnearme.com","found","info@discoverymgt.com","https://theforumatparklane.seniorlivingnearme.com/contact-us","info@discoverymgt.com"
"The Landon at Lake Highlands","https://www.landonatlakehighlands.com","no-email-found","","",""
"The Grove on Forest Lane","https://thegroveonforestlane.com","no-email-found","","",""
"Sunrise on Hillcrest","https://www.sunriseseniorliving.com","no-email-found","","",""
"Unbridled Living of Dallas","https://unbridledliv.com","no-email-found","","",""
"StoryPoint Caruth Haven","https://storypoint.com","no-email-found","","",""
"Clearwater Highland Park","https://clearwaterhighlandpark.com","no-email-found","","",""
"Emerson on Harvest Hill","https://www.emersonharvesthill.com","found","information@emersononharvesthill.com","https://www.emersonharvesthill.com","information@emersononharvesthill.com"
"The Legacy Midtown Park","http://thelegacyseniorcommunities.org","no-email-found","","",""
"The Tradition-Lovers Lane Assisted Living & Memory Care","https://www.traditionseniorliving.com","no-email-found","","",""
"Vitality Living Preston Hollow","https://www.vitalityseniorliving.com","no-email-found","","",""
"The Villages of Lake Highlands","http://villagesoflakehighlands.com","found","info@villagesoflakehighlands.com","http://villagesoflakehighlands.com","info@villagesoflakehighlands.com"
"Juniper Village at Preston Hollow","https://juniperprestonhollow.com","no-email-found","","",""
"Optimal Cares @Home - Lavendale","","no-website","","",""
"Manchester Care Homes Tranquilla - Dallas TX","https://manchestercarehomes.com","no-email-found","","",""
"Bhartiya Nivas","https://www.bhartiyanivas.com","no-email-found","","",""
"Edgemere","https://edgemerelife.com","no-email-found","","",""
"The Bentley - Sky Active Living","https://thebentleyseniorliving.com","found","info@discoverymgt.com","https://thebentleyseniorliving.com/contact-us","info@discoverymgt.com"
"Highland Springs Senior Living Community","https://www.ericksonliving.com","no-email-found","","",""
"Meadowstone Place","http://meadowstoneplace.com","no-email-found","","",""
"Signature Pointe","http://www.signature-pointe.com","no-email-found","","",""
"Patriot Senior Services Dallas, TX","","no-website","","",""
"Manchester Care Homes Spring Valley","https://manchestercarehomes.com","no-email-found","","",""
"Assisted Living Locators Northeast Dallas","https://northeast-dallas.assistedlivinglocators.com","no-email-found","","",""
"The Villages of Dallas","http://thevillagesofdallas.com","no-email-found","","",""
"Whiterock Court - Sky Active Living","https://whiterockcourtseniorliving.com","found","info@discoverymgt.com","https://whiterockcourtseniorliving.com/contact-us","info@discoverymgt.com"
"Parsons House Preston Hollow","https://www.parsonshouseprestonhollow.com","no-email-found","","",""
"Presbyterian Village North","https://presvillagenorth.org","no-email-found","","",""
"Brookdale Lake Highlands","https://www.brookdale.com","no-email-found","","",""
"The Villa at Mountain View","https://cantexcc.com","no-email-found","","",""
"Juliette Fowler Communities","https://www.fowlercommunities.org","found","info@fowlercommunities.org","https://www.fowlercommunities.org","info@fowlercommunities.org; jamiejrodgers@gmail.com; jamier@fowlercommunities.org"
"Manchester Care Homes St. Michaels","https://manchestercarehomes.com","no-email-found","","",""
"Lakewest Assisted Living","https://lakewestal.com","found","referrals@stonegatecic.com","https://lakewestal.com","referrals@stonegatecic.com; director@lakewestal.com"
"Magnolia Assisted Living Care Home","https://www.magnoliacarehomes.com","no-email-found","","",""
"Ventana by Buckner","https://www.ventanabybuckner.com","no-email-found","","",""
"The Preserve at Spring Creek","https://frontiermgmt.com","no-email-found","","",""
"The Tradition-Prestonwood Assisted Living & Memory Care","https://www.traditionseniorliving.com","no-email-found","","",""
"St Joseph's Residence Inc.","http://www.stjr.org","found","officeassistant@stjr.org","http://www.stjr.org","officeassistant@stjr.org"
"The Waterford at Mesquite","https://www.sonidaseniorliving.com","no-email-found","","",""
"The Remington at Valley Ranch","https://www.sonidaseniorliving.com","no-email-found","","",""
"New Horizon Homes","https://www.nhresidentialcare.com","found","info@nhresidentialcare.com","https://www.nhresidentialcare.com","info@nhresidentialcare.com"
"Highpoint Senior Living","http://www.highpointseniorliving.com","no-email-found","","",""
"Duncanville Senior Living","http://www.duncanvilleseniorliving.com","no-email-found","","",""
"Visiting Angels Senior Home Care Dallas - Park Cities","https://www.visitingangels.com","found","customersupport@visitingangels.com","https://www.visitingangels.com/contact","customersupport@visitingangels.com"
"Simpson Place Assisted Living","https://simpsonplacedallas.com","found","referrals@stonegatecic.com","https://simpsonplacedallas.com/contact","referrals@stonegatecic.com; administrator@simpsonplacedallas.com"
"Parkview in Frisco","https://parkviewinfriscoseniorliving.com","found","info@discoverymgt.com","https://parkviewinfriscoseniorliving.com/contact-us","info@discoverymgt.com"
"West Fork Village","https://12oaks.net","no-email-found","","",""
"Golden Acres Living and Rehabilitation","http://goldenacresliving.com","no-email-found","","",""
"CC Young Senior Living","https://www.ccyoung.org","no-email-found","","",""
"Watermere at Frisco","https://www.integratedseniorlifestyles.com","no-email-found","","",""
"Grand Brook Memory Care of Garland","https://grandbrook.com","found","info@constantcare.com","https://grandbrook.com","info@constantcare.com"
"Grand Brook Memory Care of Carrollton – Alzheimer’s & Dementia Assisted Living","https://grandbrook.com","found","info@constantcare.com","https://grandbrook.com","info@constantcare.com"
"Iris Memory Care of Rowlett","https://www.irisseniorliving.com","found","support@irisseniorliving.com","https://www.irisseniorliving.com/contact-us","support@irisseniorliving.com; sales@irisseniorliving.com"
"Fair Park Health & Rehabilitation Center","https://fairparknursing.com","no-email-found","","",""
"Village Green Memory Care Community Rockwall","https://villagegreenalzheimerscare.com","found","info@villagegreenalzheimerscare.com","https://villagegreenalzheimerscare.com","info@villagegreenalzheimerscare.com"
"Silvermark Assisted Living & Memory Care","https://www.silvermarkmemorycare.com","found","support@silvermarkmemorycare.com","https://www.silvermarkmemorycare.com","support@silvermarkmemorycare.com"
"Hope Springs Memory Care","https://hopespringsmemorycare.com","found","ed@hopespringsmemorycare.com","https://hopespringsmemorycare.com","ed@hopespringsmemorycare.com"
"Grand Brook Memory Care of Grapevine","https://grandbrook.com","found","info@constantcare.com","https://grandbrook.com","info@constantcare.com"
"The Senior Source","https://www.theseniorsource.org","found","info@theseniorsource.org","https://www.theseniorsource.org/contact","info@theseniorsource.org"
"Silverado Southlake Memory Care Community","http://www.silverado.com","found","info@silverado.com","http://www.silverado.com/contact","info@silverado.com"
"Mayberry Gardens Assisted Living and Memory Care Homes","https://www.mayberrygardens.com","found","info@mayberrygardens.com","https://www.mayberrygardens.com/contact","info@mayberrygardens.com"
"Avalon Memory Care","http://www.avalonmemorycare.com","no-email-found","","",""
"Arbor Hills Memory Care Community","https://koelschseniorcommunities.com","found","info@koelschsenior.com","https://koelschseniorcommunities.com/contact","info@koelschsenior.com"
"Brookdale White Rock","https://www.brookdale.com","no-email-found","","",""
"Encore Memory Care Day Center","http://www.encoredaycare.com","no-email-found","","",""
"Manchester Care Homes Queens Ferry","https://manchestercarehomes.com","no-email-found","","",""
"Cambridge Caregivers","https://cambridgecaregivers.com","no-email-found","","",""
"Integrity Residential Care, LLC","https://integrityresidentialcare.com","no-email-found","","",""
"B & Y Care Home","https://www.bandycarehomes.com","found","brettonbayhome@gmail.com","https://www.bandycarehomes.com","brettonbayhome@gmail.com; inquire@zdigital.com"
"Long Creek Assisted Living and Memory Care","https://www.civitasseniorliving.com","found","info@csrliving.com","https://www.civitasseniorliving.com","info@csrliving.com"
"Oak Ridge Alzheimer's Special Care Center","https://sinceriseniorliving.com","no-email-found","","",""
"A Caring Home With Friends","https://acaringhomewithfriends.com","found","astigma@astigmatic.com","https://acaringhomewithfriends.com","astigma@astigmatic.com; matt@pixelspread.com; impallari@gmail.com; hello@rfuenzalida.com"
"Kristi’s Senior Solutions","http://www.kristisseniorsolutions.com","found","kristi@kristisseniorsolutions.com","http://www.kristisseniorsolutions.com","kristi@kristisseniorsolutions.com; your@email.com"
"Bader House Memory Care","https://baderhouse.com","no-email-found","","",""
"AvilaCare Memory Care of Lewisville","https://avilacare.com","no-email-found","","",""
"River Oaks Assisted Living & Memory Care","https://legendseniorliving.com","no-email-found","","",""
"Arden Courts (Richardson)","https://www.arden-courts.com","no-email-found","","",""
"Rock Ridge Assisted Living and Memory Care","https://legendseniorliving.com","no-email-found","","",""
"Assisting Hands Home Care - Dallas, Richardson & Surrounding Areas","https://assistinghands.com","no-email-found","","",""
"Sunrise of Fort Worth","https://www.sunriseseniorliving.com","no-email-found","","",""
"Luxe Life Senior Living and Memory Care Fort Worth","https://www.luxelifeseniorliving.com","found","info@ignitemedicalresorts.com","https://www.luxelifeseniorliving.com","info@ignitemedicalresorts.com"
"Senior Living Specialists","http://www.seniorlivingspecialists.com","found","paul@seniorlivingspecialists.com","http://www.seniorlivingspecialists.com/contact-us","paul@seniorlivingspecialists.com"
"Legend of Fort Worth","https://legendseniorliving.com","no-email-found","","",""
"Lotus Assisted Living Facility LLC","https://www.lotuslivingfacility.com","found","info@lotuslivingfacility.com","https://www.lotuslivingfacility.com","info@lotuslivingfacility.com"
"The Ridglea Senior Living","https://www.civitasseniorliving.com","found","info@csrliving.com","https://www.civitasseniorliving.com","info@csrliving.com"
"Timeless Care Homes","https://www.timelesscarehomes.com","found","admin@timelesscarehomes.com","https://www.timelesscarehomes.com","admin@timelesscarehomes.com"
"Brookdale Tanglewood Oaks","https://www.brookdale.com","no-email-found","","",""
"Discovery Village Alliance Town Center","https://discoveryvillagealliancetowncenter.seniorlivingnearme.com","no-email-found","","",""
"Chisholm Trail Senior Living","https://silvercareliving.com","no-email-found","","",""
"The Monarch at Richardson","https://www.monarchseniorliving.com","no-email-found","","",""
"At Home Personal Care - Home Health Care, In-Home Care, Caregivers, and Personal Care for Dallas and Fort Worth","https://www.athomeprctexas.com","no-email-found","","",""
"Ridgmar Place","https://www.pegasusseniorliving.com","no-email-found","","",""
"Pegasus Landing of North Riverside","https://www.pegasusseniorliving.com","no-email-found","","",""
"Broadway Cityview","https://www.broadwaycityviewseniorliving.com","found","life@broadwaycityviewseniorliving.com","https://www.broadwaycityviewseniorliving.com","life@broadwaycityviewseniorliving.com"
"Wholehearted Senior Living at River Park","https://wholeheartedseniorliving.com","found","sales@wholeheartedseniorliving.com","https://wholeheartedseniorliving.com","sales@wholeheartedseniorliving.com"
"The Emberly at Heritage Glen","https://thrivesl.com","found","communityrelations@thrivesl.com","https://thrivesl.com","communityrelations@thrivesl.com"
"Bethesda Gardens Assisted Living and Memory Care Fort Worth","https://www.bethesdagardensftworth.com","no-email-found","","",""
"The Westmore Senior Living","https://www.westmorelife.com","no-email-found","","",""
"The Waterford at Fort Worth","https://www.sonidaseniorliving.com","no-email-found","","",""
"The Vantage at Cityview","https://www.arborcompany.com","no-email-found","","",""
"Manor Independent Living","https://manorindependentliving.com","found","rentals@egrepm.com","https://manorindependentliving.com","rentals@egrepm.com"
"Bristol Park at Eagle Mountain Assisted Living & Memory Care","https://www.bristolparkeaglemountain.com","no-email-found","","",""
"Discovery Village at Alliance Town Center","https://www.discoveryvillages.com","no-email-found","","",""
"Garden Terrace at Fort Worth","https://lcca.com","no-email-found","","",""
"Stevenson Oaks","https://www.mrcstevensonoaks.org","no-email-found","","",""
"Mirabella Assisted Living & Memory Care","https://www.mirabellalife.com","no-email-found","","",""
"The Spring at Silverton","https://www.springatsilverton.com","no-email-found","","",""
"Brookdale Westover Hills","https://www.brookdale.com","no-email-found","","",""
"Sedona Place","http://www.sedonaplaceseniorliving.com","found","sedonaplace@willowbridgepc.com","http://www.sedonaplaceseniorliving.com","sedonaplace@willowbridgepc.com"
"Sparks Assisted Living","","no-website","","",""
"Trinity Terrace","https://www.trinityterrace.org","no-email-found","","",""
"The Tradition-Clearfork Independent Living","https://www.traditionseniorliving.com","no-email-found","","",""
"Ignite Medical Resort Fort Worth","https://www.ignitemedicalresorts.com","found","info@ignitemedicalresorts.com","https://www.ignitemedicalresorts.com","info@ignitemedicalresorts.com"
"Fleurdleys Assisted Living","http://www.fleurdleys.com","no-email-found","","",""
"Palm House Senior Apartments","https://www.palmhouseapts.com","no-email-found","","",""
"St. John's Residential Care Homes Inc.","https://www.stjohnscarehome.com","no-email-found","","",""
"Visiting Angels Senior Home Care Fort Worth","https://www.visitingangels.com","found","customersupport@visitingangels.com","https://www.visitingangels.com/contact","customersupport@visitingangels.com"
"Serenity View Assisted Living And Memory Care","https://www.serenityview.us","found","info@serenityview.us","https://www.serenityview.us/contact","info@serenityview.us"
"Senior Living Specalists - Fort Worth","https://fortworthseniorhousing.com","found","lisa@seniorlivingspecialists.com","https://fortworthseniorhousing.com","lisa@seniorlivingspecialists.com"
"Colonial Gardens Alzheimer’s Assisted Living of Texas","","no-website","","",""
"Lighthouse Senior Living Fort Worth","","no-website","","",""
"Pegasus Landing of North Richland Hills","https://www.pegasusseniorliving.com","no-email-found","","",""
"Edition of Saginaw","https://www.editionofsaginaw.com","no-email-found","","",""
"Autumn Leaves of Cityview","http://autumnleaves.com","no-email-found","","",""
"Fort Worth Transitional Care Center","https://wellsentialhealth.org","no-email-found","","",""
"The Tradition-Clearfork Assisted Living and Memory Care","https://www.traditionseniorliving.com","no-email-found","","",""
"Heritage Place Assisted Living & Memory Care","https://www.heritageplaceassistedliving.com","no-email-found","","",""
"Fort Worth Wellness and Rehab","http://fortworthwellnessandrehab.com","found","admissions@fortworthwellnessandrehab.com","http://fortworthwellnessandrehab.com","admissions@fortworthwellnessandrehab.com"
"Renaissance Park Multi Care Center","https://lcca.com","no-email-found","","",""
"Arbor Lake Nursing and Rehabilitation","http://arborlakenursing.com","found","info@arborlakenursing.com","http://arborlakenursing.com","info@arborlakenursing.com"
"The Stayton at Museum Way","https://thestayton.com","no-email-found","","",""
"TheKey - Senior Home Care","https://thekey.com","found","hello@thekey.care","https://thekey.com","hello@thekey.care"
"Brookdale Watauga","https://www.brookdale.com","no-email-found","","",""
"James L. West Center for Dementia Care","http://www.jameslwest.org","no-email-found","","",""
"Dementia Friendly Fort Worth","http://www.dffw.org","found","info@mysite.com","http://www.dffw.org","info@mysite.com; info@dementiafriendlyfw.org"
"James L West Presbyterian","","no-website","","",""
"Aviva Fort Worth","https://www.avivafortworth.com","no-email-found","","",""
"Meadowbrook Memory Care Community","https://koelschseniorcommunities.com","found","info@koelschsenior.com","https://koelschseniorcommunities.com/contact","info@koelschsenior.com"
"Teresa’s House Assisted Living & Memory Care","https://teresashouse.com","no-email-found","","",""
"Heritage Place Independent Living","https://www.heritageplaceindependentliving.com","no-email-found","","",""
"Brookdale Oak Hollow","https://www.brookdale.com","no-email-found","","",""
"Overture Home Care","https://www.overturehomecare.com","found","info@overturehomecare.com","https://www.overturehomecare.com","info@overturehomecare.com; paige@overturehomecare.com"
"Family Tree Private Care","https://familytreecares.com","no-email-found","","",""
"Village Creek Wellness and Rehabilitation","https://villagecreekwellnessandrehab.com","found","info@villagecreekwellnessandrehab.com","https://villagecreekwellnessandrehab.com","info@villagecreekwellnessandrehab.com"
"Heritage Vue Assisted Living","https://heritagevue.com","found","contact@heritagevue.com","https://heritagevue.com","contact@heritagevue.com"
"Elk Creek Assisted Living and Memory Care","https://www.civitasseniorliving.com","found","info@csrliving.com","https://www.civitasseniorliving.com","info@csrliving.com"
"Grandmother's House, Elder Care Home","https://www.grandmothershouse.care","found","miriammwilliamson@gmail.com","https://www.grandmothershouse.care","miriammwilliamson@gmail.com"
"Sage Oak of Colleyville","https://thesageoakofcolleyville.com","found","infocolleyville@thesageoak.com","https://thesageoakofcolleyville.com","infocolleyville@thesageoak.com"
"Clear Fork of Willow Park Assisted Living and Memory Care","https://www.civitasseniorliving.com","found","info@csrliving.com","https://www.civitasseniorliving.com","info@csrliving.com"
"Ellery Arbor Memory Care","https://www.elleryarborlife.com","no-email-found","","",""
"Home Instead","https://www.homeinstead.com","no-email-found","","",""
"The Jasper of Mansfield","https://www.sonidaseniorliving.com","no-email-found","","",""
"The Waterford at Plano","https://www.sonidaseniorliving.com","no-email-found","","",""
"HarborChase of Plano","https://www.harborchase.com","no-email-found","","",""
"Village on the Park Plano","https://villageontheparkplano.com","no-email-found","","",""
"Conservatory At Plano","https://conservatoryatplano.com","found","info@discoverymgt.com","https://conservatoryatplano.com/contact-us","info@discoverymgt.com"
"James L West Senior Day Program and Home Care","https://www.jameslwest.org","no-email-found","","",""
"Spring Creek Assisted Living","https://silvercareliving.com","no-email-found","","",""
"StoryPoint Plano","https://www.storypoint.com","no-email-found","","",""
"Prestonwood Court","https://prestonwoodcourt.com","no-email-found","","",""
"Mercy Home Assisted Living At Plano","https://mercyseniorliving.com","found","mercyhomellc@gmail.com","https://mercyseniorliving.com","mercyhomellc@gmail.com"
"RLG Dignified Living of Plano","http://www.rlgdignifiedliving.com","found","rlgdignifiedliving@gmail.com","http://www.rlgdignifiedliving.com","rlgdignifiedliving@gmail.com"
"Wyndham Court of Plano","https://silvercareliving.com","no-email-found","","",""
"Altius Senior Living | Elevated","https://altiusseniorliving.com","no-email-found","","",""
"Park Residences Plano 55+ Cottages & Apartments","https://www.parkresidences-plano.com","no-email-found","","",""
"Solstice Senior Living at Plano","https://solsticeseniorlivingplano.com","no-email-found","","",""
"The Oaks at Plano","https://theoaksatplano.com","no-email-found","","",""
"Great Life Assisted Living Home, LLC","https://www.greatlifeassistedliving.com","found","contact@greatlifeassistedliving.com","https://www.greatlifeassistedliving.com","contact@greatlifeassistedliving.com; contact@sansoxygen.com"
"Prestige Peak Care Homes","https://prestigepeakcarehomes.com","no-email-found","","",""
"DaySpring Senior Living","http://www.dayspringal.org","no-email-found","","",""
"Gemstone Senior Living at Creekside","https://www.gemstoneslc.com","found","ejemplo@misitio.com","https://www.gemstoneslc.com","ejemplo@misitio.com"
"Atria Canyon Creek","https://www.atriaseniorliving.com","no-email-found","","",""
"Brookdale Collin Oaks","https://www.brookdale.com","no-email-found","","",""
"The Auberge at Plano","https://aubergeplano.com","no-email-found","","",""
"The Outlook at Windhaven","https://theoutlookatwindhaven.org","no-email-found","","",""
"The Legacy Willow Bend","http://thelegacywb.org","no-email-found","","",""
"Life Care Center of Plano","https://lcca.com","no-email-found","","",""
"4 Seasons Senior Living","https://4seasonsseniorliving.com","found","example@mysite.com","https://4seasonsseniorliving.com/contact-us","example@mysite.com"
"Appletree Court","https://www.vitalityseniorliving.com","no-email-found","","",""
"The Healthcare Resort of Plano","http://thehealthcareresortplano.com","no-email-found","","",""
"Gardenia Living","https://gardenialiving.com","found","info@gardenialiving.com","https://gardenialiving.com","info@gardenialiving.com"
"Golden Horizon Senior Assisted Living of Plano, Tx","https://goldenhorizonseniorliving.com","found","email-goldenhorizonseniorlivingtx@gmail.com","https://goldenhorizonseniorliving.com","email-goldenhorizonseniorlivingtx@gmail.com"
"Accel at Willow Bend","http://www.accelwb.com","found","referrals@stonegatecic.com","http://www.accelwb.com","referrals@stonegatecic.com; trider@nctcog.org; admin@accelwb.com"
"Cariad at Village Creek","https://www.cariadvillagecreek.com","no-email-found","","",""
"Casa Maria Communities","http://casamariacommunities.com","found","business@casamariacommunities.com","http://casamariacommunities.com/contact-us","business@casamariacommunities.com"
"Carrara","https://cantexcc.com","no-email-found","","",""
"The Park in Plano","https://theparkinplano.com","no-email-found","","",""
"Alma Residential Care","http://www.almaresidential.com","found","info@almaresidential.com","http://www.almaresidential.com","info@almaresidential.com"
"ALLEGRO ASSISTED LIVING SERVICES","","no-website","","",""
"Visiting Angels Senior Home Care Plano","https://www.visitingangels.com","found","customersupport@visitingangels.com","https://www.visitingangels.com/contact","customersupport@visitingangels.com"
"Silver Creek Assisted Living","https://silvercareliving.com","no-email-found","","",""
"The Garden View Home","https://gardenviewplano.com","found","gardenviewhomes6@gmail.com","https://gardenviewplano.com","gardenviewhomes6@gmail.com; vkkimotho@yahoo.com"
"Evergreen At Plano","http://evergreenplano.com","no-email-found","","",""
"Mission Ridge Residential Care","https://www.missionridgeresidential.com","found","info@missionridgreresidential.com","https://www.missionridgeresidential.com/contact-us","info@missionridgreresidential.com"
"Grand Brook Memory Care of Allen at Twin Creeks","https://grandbrook.com","found","info@constantcare.com","https://grandbrook.com","info@constantcare.com"
"The Collinwood Care Center","https://collinwoodcarecenter.com","no-email-found","","",""
"Grand Brook Memory Care of McKinney","https://grandbrook.com","found","info@constantcare.com","https://grandbrook.com","info@constantcare.com"
"Harmony at Home Senior Care","https://harmonyathomeseniorcare.com","found","intake@harmonyathomeseniorcare.com","https://harmonyathomeseniorcare.com","intake@harmonyathomeseniorcare.com"
"Lynridge of Murphy Assisted Living & Memory Care","https://www.lynridgelife.com","no-email-found","","",""
"Village Green Memory Care Community McKinney","https://villagegreenalzheimerscare.com","found","info@villagegreenalzheimerscare.com","https://villagegreenalzheimerscare.com","info@villagegreenalzheimerscare.com"
"StoryPoint Carrollton at Josey Ranch","https://storypoint.com","no-email-found","","",""
"Twin Rivers at Collin Creek","https://twinriversatcollincreek.com","no-email-found","","",""
"Cerna Home Care | Plano","https://www.cernahomecare.com","no-email-found","","",""
"Assisting Hands Home Care - Frisco, Plano, TX & Surrounding Areas","https://assistinghands.com","no-email-found","","",""
"Graceful Freeland Care Homes","http://gracefulfreelandcarehomes.com","no-email-found","","",""
"Care Mountain","https://www.caremountain.com","found","inquiries@caremountain.com","https://www.caremountain.com","inquiries@caremountain.com"
"Seabrook assisted living group home LLC","http://seabrookassistedliving.com","found","draperguadalupe3@gmail.com","http://seabrookassistedliving.com","draperguadalupe3@gmail.com"
"Frisco Assisted Living","http://falmc.com","found","info@falmc.com","http://falmc.com","info@falmc.com; typesetit@att.net"
"FirstLight Home Care of Plano","https://www.firstlighthomecare.com","no-email-found","","",""
"The Ridge at Frisco","https://www.ridgeatfrisco.com","no-email-found","","",""
"Oxford Glen Sachse","https://oxfordseniorliving.com","no-email-found","","",""
"Sunrise of Frisco","https://www.sunriseseniorliving.com","no-email-found","","",""
"BeeHive Homes of Frisco","http://beehivehomes.com","found","mshosted@beehivehomes.com","http://beehivehomes.com","mshosted@beehivehomes.com"
"Mustang Creek Estates of Frisco","http://www.mce.care","found","allen.sales@mce.care","http://www.mce.care/contact","allen.sales@mce.care; burleson.sales@mce.care; flowermound.sales@mce.care; frisco.sales@mce.care; keller.sales@mce.care; sachse.sales@mce.care"
"Pegasus Landing of Saddlebrook","https://www.pegasusseniorliving.com","no-email-found","","",""
"The Grove at Frisco Commons","https://www.friscotexas.gov","no-email-found","","",""
"Our Cottage LLC - Fiddlers Green","http://www.ourcottage.com","found","info@ourcottage.com","http://www.ourcottage.com","info@ourcottage.com"
"Prairie Estates","https://cantexcc.com","no-email-found","","",""
"Parkview Assisted Living","https://www.watermarkcommunities.com","found","media@watermarkcommunities.com","https://www.watermarkcommunities.com/contact-us","media@watermarkcommunities.com"
"Village on the Park Stonebridge Ranch","https://villageontheparkstonebridge.com","no-email-found","","",""
"The Cottages at Chapel Creek","https://www.alzcottages.com","no-email-found","","",""
"Victoria Gardens of Frisco","https://vgfriscorehab.com","no-email-found","","",""
"Next Step Senior Living Locators","","no-website","","",""
"Atria Carrollton","https://www.atriaseniorliving.com","no-email-found","","",""
"Village on the Park McKinney","http://villageontheparkmckinney.com","no-email-found","","",""
"Overture Frisco","https://liveoverture.com","no-email-found","","",""
"Tribute Senior Living - Assisted Living & Memory Care Facility","https://www.tributeseniorliving.com","no-email-found","","",""
"Gems Residence","https://gemsresidence.com","no-email-found","","",""
"Stonemere Rehabilitation Center","https://stonemererehab.com","no-email-found","","",""
"Presidium at Edgestone","http://presidiumatedgestone.com","found","presidiumedgestone.propertywebsite.presidium@assist.rent","http://presidiumatedgestone.com","presidiumedgestone.propertywebsite.presidium@assist.rent"
"Frisco Lakes by Del Webb - Closed","https://www.delwebb.com","no-email-found","","",""
"Willow Bend Assisted Living & Memory Care","https://legendseniorliving.com","no-email-found","","",""
"Brookdale Stonebridge Ranch","https://www.brookdale.com","no-email-found","","",""
"Silver Oaks Assisted Living","http://www.silver-oaks.com","found","info@silver-oaks.com","http://www.silver-oaks.com/contact","info@silver-oaks.com"
"Stonefield Assisted Living and Memory Care","https://stonefieldseniorliving.com","no-email-found","","",""
"Home Helpers Home Care of Frisco, TX","https://homehelpershomecare.com","no-email-found","","",""
"FirstLight Home Care of Frisco","https://www.firstlighthomecare.com","no-email-found","","",""
"Liberty Senior Residential Care Homes","https://libertycarehomes.com","no-email-found","","",""
"Ladera at Little Elm","https://laderaliving.com","no-email-found","","",""
"Pioneer Ridge Gracious Retirement Living","https://seniorlivinginstyle.com","no-email-found","","",""
"Visiting Angels Senior Home Care McKinney","https://www.visitingangels.com","found","customersupport@visitingangels.com","https://www.visitingangels.com/contact","customersupport@visitingangels.com"
"Eagle Ridge Alzheimer's Special Care Center","https://sinceriseniorliving.com","no-email-found","","",""
"The Oxford Grand","https://oxfordseniorliving.com","no-email-found","","",""
"Sonoma House Assisted Living Alzheimer’s Care","https://www.jaybirdseniorliving.com","found","info@jaybirdsl.com","https://www.jaybirdseniorliving.com","info@jaybirdsl.com; name@email.com"
"Legend of McKinney","https://legendseniorliving.com","no-email-found","","",""
"Oxford Glen Carrollton","https://oxfordseniorliving.com","no-email-found","","",""
"Discovery Village Castle Hills","https://discoveryvillagecastlehills.seniorlivingnearme.com","found","info@discoverymgt.com","https://discoveryvillagecastlehills.seniorlivingnearme.com/contact-us","info@discoverymgt.com"
"Touchmark at Emerald Lake","https://touchmark.com","found","info-tgtx@touchmark.com","https://touchmark.com","info-tgtx@touchmark.com; name@email.com; tco-webcontactus@touchmark.com"
"BeeHive Homes of McKinney","https://beehivehomes.com","found","mshosted@beehivehomes.com","https://beehivehomes.com","mshosted@beehivehomes.com"
"The Ivy of McKinney","http://www.ivyofmckinney.com","found","crd@ivyofmckinney.com","http://www.ivyofmckinney.com","crd@ivyofmckinney.com"
"Anointed Senior Living","https://anointedseniorliving.com","found","salesmckinney@anointedseniorliving.com","https://anointedseniorliving.com","salesmckinney@anointedseniorliving.com"
"Hidden Springs of McKinney","https://www.hiddenspringsmckinney.com","no-email-found","","",""
"Golden Grace Assisted Living & Adult Day Activity","http://goldengracedahs.com","no-email-found","","",""
"Watermere McKinney","https://www.integratedseniorlifestyles.com","no-email-found","","",""
"Moonrise Residential Care","https://moonriseresidentialcare.com","found","hello@moonriseresidentialcare.com","https://moonriseresidentialcare.com/contact","hello@moonriseresidentialcare.com"
"Voise Foundation: Speaking Up for Dementia","https://www.voisefoundation.org","no-email-found","","",""
"Brythaven Senior Living","https://brythavenseniorliving.com","no-email-found","","",""
"The Victoria | Senior Homes McKinney, TX","https://victoriaseniorhomes.com","found","kenmitchell@kennethmitchellpc.com","https://victoriaseniorhomes.com","kenmitchell@kennethmitchellpc.com"
"Cariad at North Brook","https://cariadnorthbrook.com","found","life@cariadnorthbrook.com","https://cariadnorthbrook.com","life@cariadnorthbrook.com"
"Patriot Assisted Living McKinney","","no-website","","",""
"Emerald Cottages of Stonebridge","https://emeraldcottages.com","no-email-found","","",""
"Chateau McKinney","https://chateaumckinneyseniorliving.com","no-email-found","","",""
"Angels Retreat Assisted Living","","no-website","","",""
"Redbud Place","https://redbudplace.seniorlivingnearme.com","found","info@discoverymgt.com","https://redbudplace.seniorlivingnearme.com/contact-us","info@discoverymgt.com"
"Emeritus at Stonebridge Ranch","http://www.emeritus.com","no-email-found","","",""
"Grand Texan","","no-website","","",""
"The Heritage at Twin Creeks","http://www.twincreekssl.com","found","crd@twincreekssl.com","http://www.twincreekssl.com","crd@twincreekssl.com"
"McKinney Healthcare and Rehabilitation Center","https://mckinneyhealthcare.net","found","&#x63;&#111;n&#x74;&#97;&#99;&#x74;&#x2d;&#77;c&#x4b;&#105;n&#x6e;&#x65;&#121;&#64;&#x65;&#110;s&#x69;&#x67;&#110;s&#x65;&#114;v&#x69;&#x63;&#101;s&#x2e;&#110;e&#x74;","https://mckinneyhealthcare.net/contact","&#x63;&#111;n&#x74;&#97;&#99;&#x74;&#x2d;&#77;c&#x4b;&#105;n&#x6e;&#x65;&#121;&#64;&#x65;&#110;s&#x69;&#x67;&#110;s&#x65;&#114;v&#x69;&#x63;&#101;s&#x2e;&#110;e&#x74;"
"Park Manor of McKinney","https://parkmanormckinney.net","no-email-found","","",""
"iNavigate Senior Living Solutions","http://www.inavigatesls.com","found","info@inavigatesls.com","http://www.inavigatesls.com/contact","info@inavigatesls.com"
"Mera Craig Ranch","https://meracraigranch.com","found","meracraigranch@sparrowliving.com","https://meracraigranch.com","meracraigranch@sparrowliving.com"
"Baybrooke Village Care And Rehab Center","http://www.bbvrehab.com","found","referrals@stonegatecic.com","http://www.bbvrehab.com","referrals@stonegatecic.com; administrator@bbvrehab.com; trider@nctcog.org"
"Artistry at Craig Ranch","https://www.artistrycraigranch.com","no-email-found","","",""
"Belterra Health & Rehabilitation Center","https://belterrahc.com","no-email-found","","",""
"Surpass Senior Living","http://www.surpass-living.com","no-email-found","","",""
"McKinney Senior Recreation Center","https://www.mckinneytexas.org","no-email-found","","",""
"Bell Tower Reserve","https://belltowerreserve.com","no-email-found","","",""
"Senior Helpers","https://www.seniorhelpers.com","found","email@email.com","https://www.seniorhelpers.com","email@email.com"
"Grand Reserve","","no-website","","",""
"Tulia Senior Living","https://tuliaseniorliving.com","found","info@tuliaseniorliving.com","https://tuliaseniorliving.com","info@tuliaseniorliving.com"
"North Park Health and Rehabilitation Center","https://northparkhealthcenter.com","no-email-found","","",""
"Country Lane Seniors Community","http://countrylaneseniors.com","no-email-found","","",""
"Bethesda Gardens Assisted Living Arlington","https://www.bethesdagardensarlington.com","no-email-found","","",""
"Woodside Place Assisted Living","http://www.woodsideplaceassistedliving.com","found","info@woodsideplaceassistedliving.com","http://www.woodsideplaceassistedliving.com","info@woodsideplaceassistedliving.com"
"Del Webb at Trinity Falls- 55+ Retirement Community","https://www.delwebb.com","no-email-found","","",""
"The Waterford on Cooper","https://www.sonidaseniorliving.com","no-email-found","","",""
"Pegasus Landing of Arlington","https://www.pegasusseniorliving.com","no-email-found","","",""
"Castle Rock Assisted Living","http://www.castlerocktx.com","found","manuelm.castlerock@gmail.com","http://www.castlerocktx.com","manuelm.castlerock@gmail.com; your@email.com"
"Town Village Crossing","https://www.pegasusseniorliving.com","no-email-found","","",""
"Morada Lake Arlington","https://moradalakearlington.seniorlivingnearme.com","found","info@discoverymgt.com","https://moradalakearlington.seniorlivingnearme.com/contact-us","info@discoverymgt.com"
"Lynridge of Arlington Assisted Living & Memory Care","https://www.lynridgearlington.com","no-email-found","","",""
"Arlington Plaza - Sky Active Living","https://arlingtonplazaseniorliving.com","found","info@discoverymgt.com","https://arlingtonplazaseniorliving.com/contact-us","info@discoverymgt.com"
"Asher Point Independent Living of Arlington","https://www.asherpointarlington.com","no-email-found","","",""
"Carver Heights Estates Senior Living","https://sinceriseniorliving.com","no-email-found","","",""
"Golden Oasis Assisted Living","https://www.goldenoasisseniors.com","found","contact@goldenoasisseniors.com","https://www.goldenoasisseniors.com","contact@goldenoasisseniors.com"
"Resilience Residential Care","","no-website","","",""
"The Happy One Assisted Living","https://thehappyonealf.com","no-email-found","","",""
"ExcelCare Homes","https://echassistedliving.com","no-email-found","","",""
"Legend of Mansfield","https://legendseniorliving.com","no-email-found","","",""
"Watermere Highlands","https://www.integratedseniorlifestyles.com","no-email-found","","",""
"Morada Pantego","https://moradapantego.seniorlivingnearme.com","found","info@discoverymgt.com","https://moradapantego.seniorlivingnearme.com/contact-us","info@discoverymgt.com"
"Colonial Oaks at Arlington","https://colonialoaks.com","no-email-found","","",""
"Panorama Care Home, LLC","https://panoramacarehomes.com","no-email-found","","",""
"Emerson South Collins","http://www.emersonsouthcollins.com","no-email-found","","",""
"Meadow View Assisted Living","https://www.meadowviewarlington.com","found","//{{{poi.email}}}","https://www.meadowviewarlington.com","//{{{poi.email}}}; jnettles@swltc.com"
"Brookdale Mansfield","https://www.brookdale.com","no-email-found","","",""
"Abiding Joy Senior Care Home","http://ajoyliving.com","no-email-found","","",""
"Walnut Creek Assisted Living and Memory Care","https://walnutcreeksl.com","no-email-found","","",""
"Avir at Arlington","http://avirhg.com","no-email-found","","",""
"Arbrook Retirement Living","","no-website","","",""
"Interlochen Health and Rehabilitation Center","http://interlochenhealth.com","found","info_interlochen@csnhc.com","http://interlochenhealth.com","info_interlochen@csnhc.com"
"Brookdale Eden Estates","https://www.brookdale.com","no-email-found","","",""
"Watercrest at Mansfield","https://www.integratedseniorlifestyles.com","no-email-found","","",""
"The Residence at Arbor Grove","https://www.residenceatarborgrove.com","found","residenceatarborgrove@seldin.com","https://www.residenceatarborgrove.com","residenceatarborgrove@seldin.com"
"House of Love Assisted Living LLC","","no-website","","",""
"Arlington Residence and Rehabilitation Center","","no-website","","",""
"The Orchards at Arlington Highlands","https://www.orchardsarlingtonhighlands.com","no-email-found","","",""
"Green Oaks Nursing and Rehabilitation","https://www.greenoaksnursingandrehabilitation.com","found","email@address.com","https://www.greenoaksnursingandrehabilitation.com/contact-us","email@address.com"
"New Era Assisted Living","https://neweraassistedliving.com","found","info@neweraassistedliving.com","https://neweraassistedliving.com/contact","info@neweraassistedliving.com; info@neweeaassistedliving.com"
"Buttermilk Villa","https://www.buttermilkvilla.com","found","info@buttermilkvilla.com","https://www.buttermilkvilla.com/about-us","info@buttermilkvilla.com; edwards.toby12@yahoo.com"
"PureHealth Transitional Care at THR Arlington","https://arlington.yourpurehealth.com","no-email-found","","",""
"Overture Highlands","https://liveoverture.com","no-email-found","","",""
"Annandale Senior Care","","no-website","","",""
"Heartis Mid Cities","https://heartis.com","no-email-found","","",""
"Brookdale Richland Hills","https://www.brookdale.com","no-email-found","","",""
"Town Hall Estates – Arlington, Inc.","https://theestatesarlington.org","no-email-found","","",""
"Lydle Ridge","https://www.lydleridge.com","no-email-found","","",""
"The Elliott","https://elliottsenior.com","no-email-found","","",""
"Home Care Assistance Arlington","https://www.homecareassistancearlingtontx.com","found","test.sabaseo@gmail.com","https://www.homecareassistancearlingtontx.com/contact-us","test.sabaseo@gmail.com"
"Parc Place","https://www.trueconnectioncommunities.com","no-email-found","","",""
"Arbrook Plaza","http://www.arbrookplaza.com","found","email@address.com","http://www.arbrookplaza.com/contact-us","email@address.com"
"Village Green Memory Care Community Highland Village","https://villagegreenalzheimerscare.com","found","info@villagegreenalzheimerscare.com","https://villagegreenalzheimerscare.com","info@villagegreenalzheimerscare.com"
"Oxford Glen Grand Prairie","https://oxfordseniorliving.com","no-email-found","","",""
"First Watch Home Care","http://www.firstwatchcare.com","found","info@firstwatchcare.com","http://www.firstwatchcare.com","info@firstwatchcare.com"
"Villages on MacArthur","https://villagesonmacarthur.com","found","referrals@stonegatecic.com","https://villagesonmacarthur.com","referrals@stonegatecic.com; ssulfstede@theseniorsource.org; ed@villagesonmacarthur.com"
"Chateau on Wildbriar Lake","https://www.chateauonwildbriarlake.com","found","leasing2@chateauonwildbriarlake.com","https://www.chateauonwildbriarlake.com/contact","leasing2@chateauonwildbriarlake.com"
"Bridgewater Memory Care","https://bridgewatermemorycare.com","no-email-found","","",""
"The Eden of Las Colinas","http://edenoflascolinas.com","found","&#99;&#x6f;&#x6e;&#116;&#x61;&#x63;t&#x2d;&#x54;h&#101;&#x45;d&#101;&#x6e;&#64;&#101;&#x6e;s&#105;&#x67;n&#115;&#x65;&#x72;&#118;&#x69;&#x63;&#101;&#x73;&#x2e;n&#x65;&#x74;","http://edenoflascolinas.com/contact","&#99;&#x6f;&#x6e;&#116;&#x61;&#x63;t&#x2d;&#x54;h&#101;&#x45;d&#101;&#x6e;&#64;&#101;&#x6e;s&#105;&#x67;n&#115;&#x65;&#x72;&#118;&#x69;&#x63;&#101;&#x73;&#x2e;n&#x65;&#x74;"
"VIP Living Center Irving","http://viplivingcenter.com","no-email-found","","",""
"Washington Pointe Las Colinas","https://washingtonpointe.com","no-email-found","","",""
"Visiting Angels Senior Home Care Irving","https://www.visitingangels.com","found","customersupport@visitingangels.com","https://www.visitingangels.com/contact","customersupport@visitingangels.com"
"Brookdale Farmers Branch","https://www.brookdale.com","no-email-found","","",""
"Luxe at Las Colinas | 55+ Adult Living","http://www.theluxeatlascolinas.com","no-email-found","","",""
"The Estates at Grand Prairie","https://theestatesatgp.org","no-email-found","","",""
"Avante Rehabilitation Center","http://www.avanterc.com","no-email-found","","",""
"Atria Grapevine","https://www.atriaseniorliving.com","no-email-found","","",""
"The Pearl Senior Living at Lewisville","https://www.thepearlseniorliving.com","no-email-found","","",""
"Amity House Residential Care and Group Homes","","no-website","","",""
"Mountain Creek Retirement Living","http://mountaincreekretirementliving.com","no-email-found","","",""
"Ashford Hall Nursing and Rehabilitation","http://www.ashfordhall.com","found","info@ashfordhall.com","http://www.ashfordhall.com/contact","info@ashfordhall.com"
"Las Brisas Rehabilitation and Wellness Suites","https://www.lasbrisasrehabsuites.com","no-email-found","","",""
"ComForCare Home Care Irving","https://www.comforcare.com","no-email-found","","",""
"Heritage Senior Center","https://irvingtx.gov","no-email-found","","",""
"Lightwell Senior Living","https://lightwellseniorliving.org","no-email-found","","",""
"Orchard Pointe at Creek Valley","https://www.heritage-communities.com","no-email-found","","",""
"Rosewood Assisted Living & Memory Care","https://legendseniorliving.com","no-email-found","","",""
"Canova Palms","https://www.canovapalms.com","no-email-found","","",""
"Meadowood Assisted Living and Memory Care","https://legendseniorliving.com","no-email-found","","",""
"Avir at Irving","https://avirhg.com","no-email-found","","",""
"Lewisville Estates Senior Living - Assisted and Independent Living","https://www.lewisvilleseniorliving.com","no-email-found","","",""
"Oakview Assisted Living & Memory Care","https://www.oakviewassistedliving.com","no-email-found","","",""
"Solstice Senior Living at Grapevine","https://solsticeseniorlivinggrapevine.com","no-email-found","","",""
"The Village at Lakewest","http://villageatlakewest.com","found","referrals@stonegatecic.com","http://villageatlakewest.com","referrals@stonegatecic.com; dir@villageatlakewest.com"
"Optimal Cares @Home - Royal","","no-website","","",""
"Rockbrook Assisted Living and Memory Care","https://rockbrookal.com","no-email-found","","",""
"Heritage at Turner Park Nursing & Rehab","https://heritageturnerpark.com","no-email-found","","",""
"Morada Senior Living","https://www.moradaseniorliving.com","no-email-found","","",""
"Alexis Estates Gracious Retirement Living","https://seniorlivinginstyle.com","no-email-found","","",""
"Vitality Court Texas Star","https://www.vitalityseniorliving.com","no-email-found","","",""
"St. Joseph Village","https://stjosephvillage.org","no-email-found","","",""
"Springwood At Allen","http://www.springwoodatallen.com","no-email-found","","",""
"Discovery Village Twin Creeks","https://discoveryvillagetwincreeks.seniorlivingnearme.com","found","info@discoverymgt.com","https://discoveryvillagetwincreeks.seniorlivingnearme.com/contact-us","info@discoverymgt.com"
"Christian Care Communities and Services","https://christiancareallen.org","no-email-found","","",""
"EvoLve Senior Living","","no-website","","",""
"The Belmont at Twin Creeks","https://cantexcc.com","no-email-found","","",""
"Larkspur at Twin Creeks","https://larkspurattwincreeks.com","found","life@larkspurattwincreeks.com","https://larkspurattwincreeks.com","life@larkspurattwincreeks.com"
"Prestige Elite Living LLC","https://www.prestigeeliteliving.com","found","info@prestigeeliteliving.com","https://www.prestigeeliteliving.com","info@prestigeeliteliving.com"
"Kaze Haven House, LLC","https://www.kazehavenhouse.com","no-email-found","","",""
"A Place At Home - North Texas","https://www.aplaceathomenorthtexas.com","found","northtexas@aplaceathome.com","https://www.aplaceathomenorthtexas.com","northtexas@aplaceathome.com"
"Joyful Assisted Living Home","https://joyfulassistedlivinghome.com","found","impallari@gmail.com","https://joyfulassistedlivinghome.com","impallari@gmail.com; team@latofonts.com; rozina@joyfulassistedliving.com"
"Victoria Gardens of Allen","https://vgallenrehab.com","no-email-found","","",""
"Tyler Street Tower Independent Senior Living","http://www.tylerstreettower.org","no-email-found","","",""
"Parkview in Allen","https://parkviewinallenseniorliving.com","no-email-found","","",""
"Overture Fairview","https://liveoverture.com","no-email-found","","",""
"Cambridge Court Senior Living","https://www.civitasseniorliving.com","found","info@csrliving.com","https://www.civitasseniorliving.com","info@csrliving.com"
"The Retreat Senior Living","https://www.theretreatgp.com","found","theretreatatgrandprairie.934436@leads.eliseai.com","https://www.theretreatgp.com","theretreatatgrandprairie.934436@leads.eliseai.com"
"Ariel Pointe of Sachse Senior Living","https://www.civitasseniorliving.com","found","info@csrliving.com","https://www.civitasseniorliving.com","info@csrliving.com"
"Briarview Senior Living","https://www.briarviewlife.com","no-email-found","","",""
"The El Dorado - Sky Active Living","https://theeldoradoseniorliving.com","found","info@discoverymgt.com","https://theeldoradoseniorliving.com/contact-us","info@discoverymgt.com"
"Skyline Nursing Center","http://skylinenursingcenter.com","found","info@skylinenursingcenter.com","http://skylinenursingcenter.com","info@skylinenursingcenter.com"
"Forest Park Nursing & Rehabilitation","https://forestparknursing.com","found","info@forestparknursing.com","https://forestparknursing.com","info@forestparknursing.com"
"Brentwood Campus of Care","http://brentwoodnursingcenter.com","found","info@brentwoodnursingcenter.com","http://brentwoodnursingcenter.com","info@brentwoodnursingcenter.com"
"Americaring Hands, LLC","https://www.americaringhands.com","no-email-found","","",""
"Brookdale Club Hill","https://www.brookdale.com","no-email-found","","",""
"Treemont Healthcare and Rehab Center","https://treemonthealthcare.com","found","info_treemont@csnhc.com","https://treemonthealthcare.com","info_treemont@csnhc.com"
"Lakewest Rehabilitation & Skilled Care","https://lakewestrehab.com","found","info@msstx.us","https://lakewestrehab.com","info@msstx.us"
"Palladium Garland Senior Living","http://palladiumgarlandseniorliving.com","no-email-found","","",""
"Twin Rivers Richardson Senior Living","http://www.twinriversseniorliving.com","no-email-found","","",""
"Crestview Court","https://cantexcc.com","no-email-found","","",""
"The Traymore at Park Cities","https://www.traymore.com","found","info@traymore.com","https://www.traymore.com","info@traymore.com; jpatel@foursquarehealthcare.com"
"Avir at Dallas","http://avirhg.com","no-email-found","","",""
"Willowbend Nursing & Rehabilitation Center","http://willowbendcare.com","found","c&#111;&#110;&#116;&#97;&#99;&#116;&#45;&#87;&#105;&#108;&#x6c;&#x6f;&#x77;&#x42;&#x65;&#x6e;&#x64;&#x40;&#x65;&#x6e;&#x73;&#x69;&#x67;&#x6e;&#x73;ervices&#46;&#110;&#101;&#116;","http://willowbendcare.com/contact-us/","c&#111;&#110;&#116;&#97;&#99;&#116;&#45;&#87;&#105;&#108;&#x6c;&#x6f;&#x77;&#x42;&#x65;&#x6e;&#x64;&#x40;&#x65;&#x6e;&#x73;&#x69;&#x67;&#x6e;&#x73;ervices&#46;&#110;&#101;&#116;"
"Millbrook Healthcare and Rehabilitation Center","http://www.millbrookhealthcare.net","no-email-found","","",""
"Town East Rehabilitation and Healthcare","https://towneastrehab.com","no-email-found","","",""
"Edgewood Rehabilitation and Care Center","http://www.edgewoodrehab.com","no-email-found","","",""
"Remington Transitional Care of Richardson","https://wellsentialhealth.org","no-email-found","","",""
"Lennwood Nursing & Rehabilitation","https://lennwood.com","no-email-found","","",""
"Lake Village Nursing & Rehabilitation Center","http://www.lakevillagenursing.com","no-email-found","","",""
"Williamsburg Village Healthcare Campus","https://wvsnf.com","found","referrals@stonegatecic.com","https://wvsnf.com","referrals@stonegatecic.com; administrator@wvsnf.com"
"Park Village Healthcare and Rehabilitation","https://parkvillagehealth.com","found","c&#111;&#110;&#116;&#97;&#99;&#116;&#45;&#80;&#97;&#114;&#x6b;&#x56;&#x69;&#x6c;&#x6c;&#x61;&#x67;&#x65;&#x40;&#x65;&#x6e;&#x73;&#x69;&#x67;&#x6e;services&#46;&#110;&#101;&#116;","https://parkvillagehealth.com","c&#111;&#110;&#116;&#97;&#99;&#116;&#45;&#80;&#97;&#114;&#x6b;&#x56;&#x69;&#x6c;&#x6c;&#x61;&#x67;&#x65;&#x40;&#x65;&#x6e;&#x73;&#x69;&#x67;&#x6e;services&#46;&#110;&#101;&#116;"
"Avir at White Rock","http://avirhg.com","no-email-found","","",""
"Palomino Place","https://cantexcc.com","no-email-found","","",""
"Heritage Village","https://www.heritagevillageresidences.com","no-email-found","","",""
"Morada Meadow Lakes","https://moradameadowlakes.seniorlivingnearme.com","found","info@discoverymgt.com","https://moradameadowlakes.seniorlivingnearme.com/contact-us","info@discoverymgt.com"
"Legend Oaks Healthcare and Rehabilitation - Garland","http://legendgarland.com","no-email-found","","",""
"The Wellington at North Richland Hills","https://www.sonidaseniorliving.com","no-email-found","","",""
"Affinity at Keller","https://www.affinityforliving.com","found","info@affinityforliving.com","https://www.affinityforliving.com","info@affinityforliving.com"
"Atria at Hometown","https://www.atriaseniorliving.com","no-email-found","","",""
"Watermere at the Preserve","https://www.integratedseniorlifestyles.com","no-email-found","","",""
"Whitley Place","https://www.sonidaseniorliving.com","no-email-found","","",""
"Life Care Center of Haltom","https://lcca.com","no-email-found","","",""
"The Harrison at Heritage","https://cantexcc.com","no-email-found","","",""
"Arlington Heights Health and Rehabilitation Center","https://arlingtonheightshealth.com","no-email-found","","",""
"Green Valley Healthcare & Rehabilitation Center","https://www.nexion-health.com","no-email-found","","",""
"Legend Oaks Healthcare and Rehabilitation - Fort Worth","https://legendoaksfortworth.com","no-email-found","","",""
"Crowley Nursing and Rehabilitation","https://www.crowleynursingandrehabilitation.com","found","email@address.com","https://www.crowleynursingandrehabilitation.com/contact-us","email@address.com"
"Pioneer Place Senior Housing","https://www.planocommunityhome.org","no-email-found","","",""
"Richland Hills Rehabilitation and Healthcare Center","https://richlandhillsrehab.com","no-email-found","","",""
"The Wellington at Arapaho","https://www.sonidaseniorliving.com","no-email-found","","",""
"Garnet Hill Rehabilitation And Skilled Care","https://garnethillrehab.com","found","referrals@stonegatecic.com","https://garnethillrehab.com","referrals@stonegatecic.com; trider@nctcog.org; administrator@garnethillrehab.com"
"Richardson Nursing and Rehabilitation","","no-website","","",""
"San Remo","https://cantexcc.com","no-email-found","","",""
"Landmark of Plano","https://landmarkplano.com","no-email-found","","",""
"Encompass Health Rehabilitation Hospital of Richardson","https://www.encompasshealth.com","no-email-found","","",""
"The Orchards at Market Plaza","https://orchardsmarketplaza.com","no-email-found","","",""
"The Reserve at Richardson","https://thereserveatrichardson.com","no-email-found","","",""
"Prestonwood Rehabilitation","http://www.prestonwoodrehab.com","no-email-found","","",""
"The Plaza at Richardson","https://www.theplazacare.com","no-email-found","","",""
"Lakeside Manor Senior Apartments","https://www.lakeside-manorapts.com","no-email-found","","",""
"Lindan Park Rehabilitation Center","https://www.lindanparkhealth.com","no-email-found","","",""
"Eckelberry Elder Care","http://www.eckelberryeldercare.com","found","contact@eckelberryeldercare.com","http://www.eckelberryeldercare.com","contact@eckelberryeldercare.com"
"Brookhaven Nursing and Rehabilitation Center","https://www.dhcgrp.com","no-email-found","","",""
"Cedar Ridge Rehabilitation and Healthcare Center","https://www.nexion-health.com","no-email-found","","",""
"The Madison on Marsh","https://cantexcc.com","no-email-found","","",""
"The Claremont","https://www.theclaremontapts.com","no-email-found","","",""
"Matlock Place Health & Rehabilitation","","no-website","","",""
"Glenview Wellness and Rehabilitation","http://glenviewwellnessandrehab.com","found","admissions@glenviewwellnessandrehab.com","http://glenviewwellnessandrehab.com","admissions@glenviewwellnessandrehab.com"
"Hollymead","https://cantexcc.com","no-email-found","","",""
"Seleno at Harris Road 55+ Apartments","https://www.selenoatharrisroad.com","no-email-found","","",""
"Highlands Village Senior Living at Mansfield","http://www.highlandsvillage.com","found","info@highlandsvillage.com","http://www.highlandsvillage.com","info@highlandsvillage.com"
"Hurst Plaza Nursing & Rehab","https://hurstplazahc.com","found","jane.johnson@gmail.com","https://hurstplazahc.com/contact","jane.johnson@gmail.com"
"Mansfield Medical Lodge","https://mansfieldmedicallodge.com","no-email-found","","",""
"Avir at Kennedale","http://avirhg.com","no-email-found","","",""
"Pinewood Hills - Sky Active Living","https://pinewoodhillsseniorliving.com","found","info@discoverymgt.com","https://pinewoodhillsseniorliving.com/contact-us","info@discoverymgt.com"
"Ladera at Prosper","https://laderaliving.com","no-email-found","","",""
"Westpark Rehabilitation and Living","http://westparkrehabandliving.com","no-email-found","","",""
"Heritage Gardens Rehabilitation & Healthcare","http://www.heritagegardensrehab.com","found","c&#111;&#110;&#116;&#97;&#99;&#116;&#45;&#72;&#101;&#114;&#x69;&#x74;&#x61;&#x67;&#x65;&#x47;&#x61;&#x72;&#x64;&#x65;&#x6e;&#x73;&#x40;&#x65;&#x6e;signserv&#105;&#99;&#101;&#115;&#46;&#110;&#101;&#116;","http://www.heritagegardensrehab.com/contact","c&#111;&#110;&#116;&#97;&#99;&#116;&#45;&#72;&#101;&#114;&#x69;&#x74;&#x61;&#x67;&#x65;&#x47;&#x61;&#x72;&#x64;&#x65;&#x6e;&#x73;&#x40;&#x65;&#x6e;signserv&#105;&#99;&#101;&#115;&#46;&#110;&#101;&#116;"
"Sandy Lake Rehabilitation and Care Center","http://www.sandylakerehabandcare.com","no-email-found","","",""
"Avir at Grapevine","http://birchwoodgrapevine.com","no-email-found","","",""
"Grapevine Medical Lodge","https://grapevinemedicallodge.com","no-email-found","","",""
"Bear Creek Nursing and Rehabilitation Center","https://lodgeatbearcreek.com","no-email-found","","",""
"BrightStar Care","https://www.brightstarcare.com","no-email-found","","",""
"Vista Ridge Nursing and Rehabilitation Center","https://vistaridgenursing.com","no-email-found","","",""
"Evergreen at Richardson","http://www.evergreenrichardson.com","no-email-found","","",""
"Heartfelt Senior Placement Agency","https://www.heartfeltseniorplacementagency.com","found","heartfeltseniorcareagency@outlook.com","https://www.heartfeltseniorplacementagency.com","heartfeltseniorcareagency@outlook.com; example@mysite.com"
"Keller Oaks Healthcare Center","https://kelleroakshealth.com","no-email-found","","",""
"Mercer Terrace","https://cimaseniorliving.com","found","info@cimaseniorliving.com","https://cimaseniorliving.com","info@cimaseniorliving.com"
"Friends Place Adult Day Services","http://www.friendsplaceads.com","found","info@friendsplaceads.com","http://www.friendsplaceads.com","info@friendsplaceads.com"
"Manchester Care Homes HQ","https://manchestercarehomes.com","no-email-found","","",""
"Carrollton Health & Rehabilitation Center","http://www.carrolltonhealth.com","no-email-found","","",""
"The Leaves Inc","http://theleaves.org","found","info@theleaves.org","http://theleaves.org","info@theleaves.org"
"ComForCare Home Care (Dallas/Garland TX)","https://www.comforcare.com","no-email-found","","",""
"Amcare Pro Home Health, Palliative & Hospice Care","http://www.amcarepro.com","found","info@amcarepro.com","http://www.amcarepro.com","info@amcarepro.com; you@email.com"
"Mustang Creek Estates of Sachse","http://www.mce.care","found","allen.sales@mce.care","http://www.mce.care/contact","allen.sales@mce.care; burleson.sales@mce.care; flowermound.sales@mce.care; frisco.sales@mce.care; keller.sales@mce.care; sachse.sales@mce.care"
"Oak Place Homes","https://www.oakplacehomes.com","found","kgodbolt@oakplacehomes.com","https://www.oakplacehomes.com","kgodbolt@oakplacehomes.com"
"Colonial Oaks at Campbell Park","https://colonialoaks.com","no-email-found","","",""
"Watermere at Firewheel","https://www.integratedseniorlifestyles.com","no-email-found","","",""
"Abba Care Assisted Living","http://abbacares.com","found","info@abbacares.com","http://abbacares.com","info@abbacares.com"
"Posh Care Assisted Living, Inc.","","no-website","","",""
"HomeTowne at Garland","https://hometownegarland.com","found","manager@hometownegarland.com","https://hometownegarland.com","manager@hometownegarland.com"
"Firewheel Town Village","http://www.firewheeltownvillage.com","no-email-found","","",""
"Dear Friend Residentials, LLC","https://dearfriendresidentials.com","found","admin@dearfriendresidentials.com","https://dearfriendresidentials.com","admin@dearfriendresidentials.com"
"Huntington Place Senior Living Garland","https://huntingtonplacegarland.com","found","huntingtonplaceseniorsgarland@assetliving.com","https://huntingtonplacegarland.com","huntingtonplaceseniorsgarland@assetliving.com"
"Garland Serenity Home","http://www.garlandserenityhome.com","no-email-found","","",""
"Pleasant Valley Healthcare Rehabilitation Center","http://pleasantvalleyhealth.com","no-email-found","","",""
"Skyline Residential Care Homes","","no-website","","",""
"Lavon Senior Villas","http://www.lavonseniorvillas.com","no-email-found","","",""
"Royal Diamond Home","http://royaldiamondhome.com","no-email-found","","",""
"Beltline Healthcare Center","https://beltlinenursing.com","no-email-found","","",""
"Castleglen Place (Senior Living)","","no-website","","",""
"Avir at Garland","http://avirhg.com","no-email-found","","",""
"Senior Care Beltline","https://beltlinenursing.com","no-email-found","","",""
"CarePatrol of Northeast Dallas","https://www.carepatrol.com","no-email-found","","",""
"The Parks at Garland","https://parksatgarlandhc.com","no-email-found","","",""
"BeeHive Homes of Rowlett","https://beehiverowlett.com","no-email-found","","",""
"Cheyenne Medical Lodge","https://cheyenneml.com","found","info@cheyennemedicallodge.com","https://cheyenneml.com","info@cheyennemedicallodge.com"
"Eastpointe Station","https://www.nationalchurchresidences.org","no-email-found","","",""
"Discovery Village Southlake","https://discoveryvillagesouthlake.seniorlivingnearme.com","no-email-found","","",""
"Amada Senior Care","https://www.amadaseniorcare.com","no-email-found","","",""
"Mariella of Grapevine","https://www.volanteseniorliving.com","no-email-found","","",""
"Evergreen at Mesquite","http://evergreenmesquite.com","no-email-found","","",""
"Glade Corners Ltd","","no-website","","",""
"Memory Care of Flower Mound","https://memorycareflowermound.com","found","tours@memorycareflowermound.com","https://memorycareflowermound.com/contact","tours@memorycareflowermound.com"
"Sage Senior Support","https://sageseniorsupport.com","found","logan@sageseniorsupport.com","https://sageseniorsupport.com","logan@sageseniorsupport.com"
"HarborChase of Southlake","https://www.harborchase.com","no-email-found","","",""
"Avanti Senior Living at Flower Mound","https://flowermound.avanti-sl.com","no-email-found","","",""
"Garden Ridge Place Assisted Living","https://gardenridgeplace.com","found","gardenplaceridge@gmail.com","https://gardenridgeplace.com/contact","gardenplaceridge@gmail.com"
"Cross Timbers Rehabilitation & Healthcare Center","https://www.nexion-health.com","no-email-found","","",""
"The Carlyle at Stonebridge Park","https://cantexcc.com","no-email-found","","",""
"Sage Oak of Denton","https://thesageoakdenton.com","found","dentoninfo@thesageoak.com","https://thesageoakdenton.com","dentoninfo@thesageoak.com"
"Fairhaven Denton Assisted Living","https://fairhavendenton.com","no-email-found","","",""
"Bellaire Residential Assisted Living and Memory Care","http://www.bellaireassistedliving.com","found","bellaire.cindym@gmail.com","http://www.bellaireassistedliving.com","bellaire.cindym@gmail.com"
"A Joyful Journey Assisted Living","http://www.a-joyfuljourney.com","found","admin@a-joyfuljourney.com","http://www.a-joyfuljourney.com","admin@a-joyfuljourney.com"
"Serenity Gardens Seniors","http://serenitygardensseniors.com","found","tiffanyricketts@serenitygardensseniors.com","http://serenitygardensseniors.com","tiffanyricketts@serenitygardensseniors.com"
"Village on the Park Denton","https://villageontheparkdenton.com","no-email-found","","",""
"The Oaks at Flower Mound","https://theoaksatflowermound.com","no-email-found","","",""
"Brookdale Denton South","https://www.brookdale.com","no-email-found","","",""
"Carriage House Assisted Living of Denton","http://carriagehouseofdenton.com","found","info@carriagehouseofdenton.com","http://carriagehouseofdenton.com","info@carriagehouseofdenton.com"
"Lake Forest Village","https://lakeforestvillage.com","no-email-found","","",""
"Brookdale Denton North","https://www.brookdale.com","no-email-found","","",""
"Sunstone Village","https://www.sunstonevillagetx.com","no-email-found","","",""
"Dogwood Estates - Sky Active Living","https://dogwoodestatesseniorliving.com","found","info@discoverymgt.com","https://dogwoodestatesseniorliving.com/contact-us","info@discoverymgt.com"
"Robson Ranch Texas","https://www.robson.com","found","robson@robson.com","https://www.robson.com","robson@robson.com"
"Three Sisters' Care Home","","no-website","","",""
"Denton Village","https://dentonvillage.com","no-email-found","","",""
"The Vista at Rayzor Ranch","https://vistaatrayzorranch.com","found","rayzorranch-w@m.knck.io","https://vistaatrayzorranch.com","rayzorranch-w@m.knck.io"
"Selah Ridge, LLC","","no-website","","",""
"Living Well Senior Care","https://www.livingwellseniorcaretx.com","found","info@livingwellseniorcaretx.com","https://www.livingwellseniorcaretx.com","info@livingwellseniorcaretx.com"
"Denton State Supported Living Center","https://www.hhs.texas.gov","found","hhscivilrightsoffice@hhs.texas.gov","https://www.hhs.texas.gov/contact","hhscivilrightsoffice@hhs.texas.gov; pressoffice@hhs.texas.gov"
"Visiting Angels Senior Home Care Denton","https://www.visitingangels.com","found","customersupport@visitingangels.com","https://www.visitingangels.com/contact","customersupport@visitingangels.com"
"Autumn Oaks of Corinth","http://www.oakscorinth.com","found","georgina@oakscorinth.com","http://www.oakscorinth.com","georgina@oakscorinth.com"
"Denton Rehabilitation","http://www.dentonrehab.com","found","info@dentonrehab.com","http://www.dentonrehab.com/contact","info@dentonrehab.com"
"Cottonwood Nursing & Rehabilitation","https://cottonwoodnursing.com","found","info_cottonwood@csnhc.com","https://cottonwoodnursing.com","info_cottonwood@csnhc.com"
"Clear Path Home Care","https://clearpathhomecare.com","found","info@clearpathhomecare.com","https://clearpathhomecare.com","info@clearpathhomecare.com"
"Denton Senior Center","https://www.cityofdenton.com","no-email-found","","",""
"Heaven at Home Senior Care","http://heavenathomecare.com","no-email-found","","",""
"Ray of Sunshine Senior Care","http://rosdfw.com","no-email-found","","",""
"Vintage Health Care Center","http://www.vintagehealthcarecenter.com","no-email-found","","",""
"FirstLight Home Care of Denton","https://www.firstlighthomecare.com","no-email-found","","",""
"Watermere at Southlake","http://www.watermere-at-southlake.com","no-email-found","","",""
"Kind Companions","http://www.kindcompanions.com","found","bellaire.kimberlyt@gmail.com","http://www.kindcompanions.com/contact-us","bellaire.kimberlyt@gmail.com"
"Daybreak Venture LLC","","no-website","","",""
"Select Rehabilitation Hospital of Denton","https://www.selectrehabilitationhospital.com","no-email-found","","",""
"KENNY'S HEART SENIOR LIVING LLC","","no-website","","",""
"J-N-J Home Care Services","https://j-n-jhomecareservices.com","found","info@j-n-jhomecareservices.com","https://j-n-jhomecareservices.com","info@j-n-jhomecareservices.com"
"Rambling Oaks Courtyard Assisted Living Residence","https://www.txseniorcare.net","no-email-found","","",""
"Lori Williams - Senior Services, LLC","https://loriwilliams-seniorservices.com","found","lori@loriwilliams-seniorservices.com","https://loriwilliams-seniorservices.com","lori@loriwilliams-seniorservices.com"
"Cornerstone Caregiving","https://cornerstonecaregiving.com","no-email-found","","",""
"Sodalis Flower Mound","https://sodalissenior.com","no-email-found","","",""
"Longmeadow Healthcare Center","https://longmeadowhealthcare.com","found","info_longmeadow@csnhc.com","https://longmeadowhealthcare.com","info_longmeadow@csnhc.com"
"Magnolia Estates of Grand Prairie","https://livingmagnolia.com","found","office@livingmagnolia.com","https://livingmagnolia.com","office@livingmagnolia.com; team@latofonts.com"
"Renon Assisted Living","","no-website","","",""
"Gilgal Assisted Living LLC","http://www.gilgalassistedliving.com","found","gilgalassistedliving@yahoo.com","http://www.gilgalassistedliving.com","gilgalassistedliving@yahoo.com"
"Watermere at Flower Mound","https://www.integratedseniorlifestyles.com","no-email-found","","",""
"Preferred Care at Home of Denton","https://preferhome.com","no-email-found","","",""
"Westchester Commons 55+ Apartments","https://www.liveatwestchestercommons.com","no-email-found","","",""
"Rambling Oaks Courtyard Extensive Care Community","https://www.ramblingoaks.org","no-email-found","","",""
"Wright Senior Apartments is the right place","https://www.wrightseniorgp.com","found","accessibility@apartments247.com","https://www.wrightseniorgp.com","accessibility@apartments247.com"
"Morada Grand Prairie","https://moradagrandprairie.seniorlivingnearme.com","found","info@discoverymgt.com","https://moradagrandprairie.seniorlivingnearme.com/contact-us","info@discoverymgt.com"
"Still Home Management","","no-website","","",""
"Lennox House","https://www.nationalchurchresidences.org","no-email-found","","",""
"Viceroy Apartments","https://www.viceroyapartments.com","no-email-found","","",""
"Morada Cedar Hill","https://moradacedarhill.seniorlivingnearme.com","found","info@discoverymgt.com","https://moradacedarhill.seniorlivingnearme.com/contact-us","info@discoverymgt.com"
"Midtowne Assisted Living and Memory Care","https://www.civitasseniorliving.com","found","info@csrliving.com","https://www.civitasseniorliving.com","info@csrliving.com"
"Legacy Oaks of Midlothian Senior Living","https://www.civitasseniorliving.com","found","info@csrliving.com","https://www.civitasseniorliving.com","info@csrliving.com"
"Calab Inc","https://www.calabinc.com","found","klowe@calabinc.com","https://www.calabinc.com/contact","klowe@calabinc.com; tcapocy@calabinc.com; tpreskey@calabinc.com; aanderson@calabinc.com; dhinton@calabinc.com; bwells@calabinc.com; dtruijillo@calabinc.com; tjorgensen@calabinc.com; david@wikithinkers.org"
"The Lakes at Grand Prairie","https://sparrowliving.com","no-email-found","","",""
"Graceful Arms Senior Living","https://www.gracefularmssl.com","found","info@gracefularmssl.com","https://www.gracefularmssl.com","info@gracefularmssl.com"
"Cedar Hill Senior Living","https://cedarhillsliving.net","no-email-found","","",""
"Oak Timbers Grand Prairie","https://www.oaktimbers.net","no-email-found","","",""
"Sophya's Assisted Living","","no-website","","",""
"Healing Haven Homes Mesquite","https://www.healinghavenhomes.com","found","info@healinghavenhomes.com","https://www.healinghavenhomes.com/contact","info@healinghavenhomes.com"
"Mesquite Village Healthcare Centre","","no-website","","",""
"Mesquite Tree Nursing Center","https://www.ahstexas.com","no-email-found","","",""
"Avir at Mansfield","http://avirhg.com","no-email-found","","",""
"Daffodil Luxury Assisted Living","https://daffodilassistedliving.com","no-email-found","","",""
"Living Peaceful Inc","","no-website","","",""
"Newport Home Health Agency","https://www.newporthomehealth.com","no-email-found","","",""
"Serenity Senior Living","","no-website","","",""
"Silver Cottage Senior Living","http://www.silvercottages.com","no-email-found","","",""
"Graceful Hill Homes","https://gracefulhillhomes.com","found","info@gracefulhillhomes.com","https://gracefulhillhomes.com/contact","info@gracefulhillhomes.com"
"Pegasus Landing of Forney","https://www.pegasusseniorliving.com","no-email-found","","",""
"Midtowne Meadows Health and Rehab","https://midtownemeadowshealth.com","no-email-found","","",""
"Palladium Carver Living","https://palladiumcarverliving.com","no-email-found","","",""
"Emmitt Evans Senior Citizen","","no-website","","",""
"Mesquite Garden Apartments | An RHF Community","http://www.rhf.org","found","info@rhf.org","http://www.rhf.org","info@rhf.org; philanthropy@rhf.org"
"Agape Day Center for Adults","http://www.agapedaycenter.com","no-email-found","","",""
"ClearSky Rehabilitation Hospital of Mansfield","http://clearskyhealth.com","no-email-found","","",""
"Griswold Home Care for Mesquite","https://www.griswoldcare.com","no-email-found","","",""
"Forney Assisted Living","http://forneyassistedliving.com","found","forneyassistedliving@gmail.com","http://forneyassistedliving.com","forneyassistedliving@gmail.com"
"Crescent Manor Apartments | An RHF Community","http://www.rhf.org","found","info@rhf.org","http://www.rhf.org","info@rhf.org; philanthropy@rhf.org"
"Rutherford Senior Citizen Center","","no-website","","",""
"Christian Care Nursing & Rehabilitation","http://christiancaretexas.org","no-email-found","","",""
"Christian Care Outpatient Therapy - Mesquite","","no-website","","",""
"Bella Hospice","https://bellahhh.com","found","info@bellahhh.com","https://bellahhh.com","info@bellahhh.com"
"Brookdale Summer Ridge","https://www.brookdale.com","no-email-found","","",""
"Rose Garden Senior Living","","no-website","","",""
"The Mustang Creek Estates of Flower Mound","https://www.mce.care","found","allen.sales@mce.care","https://www.mce.care/contact","allen.sales@mce.care; burleson.sales@mce.care; flowermound.sales@mce.care; frisco.sales@mce.care; keller.sales@mce.care; sachse.sales@mce.care"
"Compassionate Residential Living, Flower Mound, TX","https://www.compassionateliving.net","found","sophonia@compassionateliving.net","https://www.compassionateliving.net","sophonia@compassionateliving.net"
"Le Rêve Rehabilitation and Memory Center","http://www.lerevedallas.com","no-email-found","","",""
"The Manor at Seagoville","https://cantexcc.com","no-email-found","","",""
"Magnolia Heights Retirement Community","https://www.prsliving.org","found","prs@retirement.org","https://www.prsliving.org/contact","prs@retirement.org; hr@retirement.org; communityhousing@retirement.org; rsvp@retirement.org; management@retirement.org"
"Echelon Place Assisted Living","https://www.echelonassistedliving.com","no-email-found","","",""
"Isle at Watercrest Mansfield","https://www.integratedseniorlifestyles.com","no-email-found","","",""
"Colonial Oaks at Rockwall","https://colonialoaks.com","no-email-found","","",""
"Elite Care Assisted Living Home","http://hillsideal.com","found","info@elitecarepch.com","http://hillsideal.com","info@elitecarepch.com; team@latofonts.com"
"Truewood by Merrill, Keller","https://www.merrillgardens.com","no-email-found","","",""
"Album Mansfield","https://albumlife.com","no-email-found","","",""
"Mustang Creek Estates Of Keller","http://www.mce.care","found","allen.sales@mce.care","http://www.mce.care/contact","allen.sales@mce.care; burleson.sales@mce.care; flowermound.sales@mce.care; frisco.sales@mce.care; keller.sales@mce.care; sachse.sales@mce.care"
"Tender Loving Care Assisted Living Home","http://www.tlckeller.com","found","tlcassistedlivinghome@gmail.com","http://www.tlckeller.com/contact-us","tlcassistedlivinghome@gmail.com"
"Conservatory At Keller Town Center","https://conservatoryatkellertowncenter.com","found","info@discoverymgt.com","https://conservatoryatkellertowncenter.com/contact-us","info@discoverymgt.com"
"Meadowview Place","","no-website","","",""
"The Pavilion at Creekwood","http://www.pavilionatcreekwood.com","no-email-found","","",""
"Evergreen At Keller","http://evergreenkeller.com","no-email-found","","",""
"Ladera at The Reserve – Mansfield","https://laderaliving.com","no-email-found","","",""
"Avir at Keller","http://avirhg.com","no-email-found","","",""